{
  "config": {
    "method": "lora",
    "model_name": "TinyLlama/TinyLlama-1.1B-Chat-v1.0",
    "max_seq_length": 256,
    "train_batch_size": 2,
    "eval_batch_size": 2,
    "gradient_accumulation_steps": 8,
    "learning_rate": 0.0002,
    "weight_decay": 0.01,
    "epochs": 1,
    "max_train_samples": 512,
    "max_eval_samples": 128,
    "lora_rank": 8,
    "lora_alpha": 16,
    "lora_dropout": 0.05,
    "quant_block_size": 64,
    "optimizer_page_size": 262144,
    "seed": 42,
    "device": "cuda",
    "output_dir": "/content/Quantized-LoRA/results/scratch_lora_r8"
  },
  "method": "lora",
  "system": {
    "device": "cuda",
    "cuda_available": true,
    "gpu_name": "NVIDIA A100-SXM4-40GB",
    "gpu_total_memory_gb": 42.405855232
  },
  "trainable_params": 6307840,
  "total_params": 137472000,
  "trainable_percent": 4.588454376163873,
  "num_training_steps": 32,
  "completed_optimizer_steps": 32,
  "train_loss_last": 1.1245708465576172,
  "train_loss_curve": [
    1.67645263671875,
    5.410374641418457,
    4.645562171936035,
    8.371359825134277,
    13.552490234375,
    8.156807899475098,
    4.289266109466553,
    7.818935871124268,
    1.441770076751709,
    1.9146300554275513,
    3.5020060539245605,
    1.6079213619232178,
    4.120584487915039,
    7.685595512390137,
    1.1619011163711548,
    1.7033147811889648,
    4.546524524688721,
    5.134265422821045,
    2.1268489360809326,
    2.1478779315948486,
    1.5514616966247559,
    1.5874955654144287,
    3.0865542888641357,
    3.7859349250793457,
    3.0557212829589844,
    3.4645817279815674,
    2.7528786659240723,
    3.0880045890808105,
    2.7984485626220703,
    2.8748466968536377,
    3.2307276725769043,
    4.817359924316406,
    2.4048380851745605,
    3.4848334789276123,
    1.7118048667907715,
    1.3584580421447754,
    1.610654354095459,
    1.9718213081359863,
    2.6692070960998535,
    2.522120952606201,
    1.9719910621643066,
    1.9535733461380005,
    2.489286422729492,
    2.190251588821411,
    1.626159429550171,
    1.7068127393722534,
    2.407832145690918,
    1.9676530361175537,
    1.8562588691711426,
    1.6551778316497803,
    1.6256107091903687,
    1.4154882431030273,
    2.4367005825042725,
    2.256683826446533,
    1.2748174667358398,
    1.098532795906067,
    1.7972326278686523,
    1.6900155544281006,
    1.2302660942077637,
    1.4732000827789307,
    1.3583742380142212,
    1.0835461616516113,
    1.719517707824707,
    1.775702714920044,
    1.0832334756851196,
    0.872438371181488,
    1.280588150024414,
    2.009899139404297,
    0.9818641543388367,
    1.1366987228393555,
    0.9121360182762146,
    1.4430290460586548,
    1.7543028593063354,
    1.1952450275421143,
    1.4897031784057617,
    1.0200660228729248,
    1.9520981311798096,
    1.2518197298049927,
    1.2806897163391113,
    1.6397006511688232,
    1.0771034955978394,
    1.2064781188964844,
    1.1680797338485718,
    1.9592373371124268,
    1.0812411308288574,
    1.275457739830017,
    1.68759024143219,
    1.0937206745147705,
    1.8276629447937012,
    1.5347594022750854,
    1.670409917831421,
    1.7190474271774292,
    1.819841742515564,
    1.1712157726287842,
    1.6818394660949707,
    0.8577880859375,
    1.492656946182251,
    0.7770631313323975,
    1.1281920671463013,
    1.1388664245605469,
    1.6716234683990479,
    1.475111484527588,
    1.0978310108184814,
    1.6192536354064941,
    1.0895366668701172,
    0.6419543623924255,
    1.6076518297195435,
    1.3546632528305054,
    1.4350683689117432,
    1.7458263635635376,
    0.8962172269821167,
    0.9921929240226746,
    0.6803020238876343,
    1.744633436203003,
    1.3532871007919312,
    1.0572041273117065,
    1.2689894437789917,
    0.6962974071502686,
    1.5257549285888672,
    1.6090309619903564,
    1.2104138135910034,
    1.2857252359390259,
    1.3343766927719116,
    0.8173633813858032,
    1.4027962684631348,
    1.6542227268218994,
    1.176276445388794,
    1.3345324993133545,
    1.2741509675979614,
    1.0637961626052856,
    0.8764849305152893,
    1.9279141426086426,
    1.5779634714126587,
    2.0544002056121826,
    1.3750011920928955,
    1.3281062841415405,
    0.9670385122299194,
    1.8530101776123047,
    1.2162045240402222,
    1.266629695892334,
    1.8195009231567383,
    1.1286146640777588,
    1.6148958206176758,
    0.8992319703102112,
    1.1827185153961182,
    0.9196454882621765,
    1.5284157991409302,
    1.8398689031600952,
    1.5021206140518188,
    0.8492572903633118,
    1.4164328575134277,
    1.5548901557922363,
    1.1213399171829224,
    1.4498623609542847,
    1.3210468292236328,
    0.9207938313484192,
    1.3140268325805664,
    0.6128689050674438,
    1.5359920263290405,
    2.090243339538574,
    0.8567410707473755,
    1.6162291765213013,
    1.217568278312683,
    0.7905148863792419,
    1.6072200536727905,
    1.5286682844161987,
    1.4755613803863525,
    0.7083223462104797,
    0.8880323767662048,
    1.3567614555358887,
    1.054882526397705,
    0.9131874442100525,
    1.665441870689392,
    1.346496820449829,
    1.0359004735946655,
    1.0932339429855347,
    1.6047908067703247,
    0.971221923828125,
    0.66118985414505,
    0.8106268048286438,
    1.311153769493103,
    1.0510127544403076,
    1.240656852722168,
    1.0626224279403687,
    1.5174328088760376,
    3.1399528980255127,
    2.068056106567383,
    1.4056994915008545,
    1.753803014755249,
    1.0796676874160767,
    1.3248968124389648,
    1.4547592401504517,
    1.0080207586288452,
    1.6719412803649902,
    1.8069647550582886,
    1.1259044408798218,
    0.9973853230476379,
    1.037737488746643,
    0.7072428464889526,
    1.6702061891555786,
    1.4437947273254395,
    1.677754282951355,
    1.4884666204452515,
    1.1358784437179565,
    1.2646678686141968,
    1.260385513305664,
    1.3563768863677979,
    1.2419785261154175,
    1.2814438343048096,
    1.4669063091278076,
    1.7469426393508911,
    0.5258578658103943,
    1.5665500164031982,
    1.7396568059921265,
    1.4885131120681763,
    1.181750774383545,
    1.0459892749786377,
    1.4576917886734009,
    0.8155943751335144,
    1.685786485671997,
    1.3213632106781006,
    0.8981168270111084,
    0.7066574692726135,
    1.6168603897094727,
    0.8021000027656555,
    0.7868894934654236,
    1.188669204711914,
    0.9682883024215698,
    0.8046226501464844,
    2.021925210952759,
    1.5719082355499268,
    1.681604027748108,
    1.8274120092391968,
    1.7883020639419556,
    1.5323325395584106,
    1.749414086341858,
    0.6469302773475647,
    1.540900468826294,
    0.6681894063949585,
    1.0900157690048218,
    1.4524524211883545,
    1.409692406654358,
    0.7531670928001404,
    0.9166948199272156,
    1.4321787357330322,
    1.3588439226150513,
    1.113914132118225,
    1.6484346389770508,
    1.343164324760437,
    1.7542548179626465,
    1.0496939420700073,
    1.1111810207366943,
    0.9608193635940552,
    1.8630563020706177,
    2.030423641204834,
    1.1245708465576172
  ],
  "eval_loss": 1.363680124282837,
  "perplexity": 3.910558193456739,
  "wall_time_s": 45.91727304458618,
  "tokens_per_second": 2255.8177594610574,
  "avg_optimizer_step_latency_s": 0.30577452684376283,
  "avg_generation_latency_s": 3.6105548083333665,
  "avg_generation_tokens_per_second": 21.78727637350205,
  "peak_vram_mb": 3680.35400390625,
  "peak_reserved_vram_mb": 3912.0,
  "pre_samples": [
    {
      "prompt": "### Instruction:\nSummarize QLoRA in plain language for a student.\n\n### Response:\n",