{
  "config": {
    "method": "lora",
    "model_name": "TinyLlama/TinyLlama-1.1B-Chat-v1.0",
    "max_seq_length": 256,
    "train_batch_size": 2,
    "eval_batch_size": 2,
    "gradient_accumulation_steps": 8,
    "learning_rate": 0.0002,
    "weight_decay": 0.01,
    "epochs": 1,
    "max_train_samples": 512,
    "max_eval_samples": 128,
    "lora_rank": 32,
    "lora_alpha": 64,
    "lora_dropout": 0.05,
    "quant_block_size": 64,
    "optimizer_page_size": 262144,
    "seed": 42,
    "device": "cuda",
    "output_dir": "/content/Quantized-LoRA/results/scratch_lora_r32"
  },
  "method": "lora",
  "system": {
    "device": "cuda",
    "cuda_available": true,
    "gpu_name": "NVIDIA A100-SXM4-40GB",
    "gpu_total_memory_gb": 42.405855232
  },
  "trainable_params": 25231360,
  "total_params": 156395520,
  "trainable_percent": 16.133045243239703,
  "num_training_steps": 32,
  "completed_optimizer_steps": 32,
  "train_loss_last": 1.2382384538650513,
  "train_loss_curve": [
    3.309465169906616,
    9.22485637664795,
    4.4265618324279785,
    9.20130729675293,
    1.9712928533554077,
    5.857973575592041,
    7.274940013885498,
    1.7183747291564941,
    3.5309436321258545,
    3.3449859619140625,
    3.7053961753845215,
    4.0303544998168945,
    3.619222402572632,
    2.594230890274048,
    2.632772922515869,
    3.414771318435669,
    1.6620814800262451,
    2.044806480407715,
    1.9496270418167114,
    2.2668612003326416,
    1.6294158697128296,
    1.860302209854126,
    2.1238596439361572,
    1.2660471200942993,
    1.499023675918579,
    1.5470693111419678,
    1.3543263673782349,
    1.6061420440673828,
    1.2654255628585815,
    1.821365475654602,
    1.824591875076294,
    1.887812614440918,
    1.722124695777893,
    1.5315393209457397,
    1.845252513885498,
    1.7459211349487305,
    1.0494952201843262,
    1.3332828283309937,
    2.019069194793701,
    1.4637383222579956,
    1.2706235647201538,
    0.5282829403877258,
    0.9537390470504761,
    0.8830627202987671,
    1.412060260772705,
    1.277670979499817,
    1.6518949270248413,
    1.6404837369918823,
    1.1950434446334839,
    1.3929340839385986,
    1.0276610851287842,
    1.7786914110183716,
    1.413588523864746,
    1.030847191810608,
    1.2135224342346191,
    1.4304860830307007,
    1.7438641786575317,
    1.2319204807281494,
    1.481017827987671,
    1.6234081983566284,
    1.0087941884994507,
    1.237830400466919,
    1.4860508441925049,
    0.9219865798950195,
    1.385271430015564,
    1.5963106155395508,
    1.3043586015701294,
    2.010972023010254,
    1.8234528303146362,
    1.1953742504119873,
    1.0852515697479248,
    0.8864290118217468,
    1.8229163885116577,
    1.5036779642105103,
    0.7575453519821167,
    1.0225765705108643,
    1.187726378440857,
    2.165663003921509,
    1.2608141899108887,
    0.8913590908050537,
    0.9532298445701599,
    1.4769489765167236,
    1.6865432262420654,
    1.7328448295593262,
    1.3469423055648804,
    1.3377691507339478,
    1.2389785051345825,
    1.556782841682434,
    1.7073993682861328,
    1.0695033073425293,
    0.7102680206298828,
    0.9206724762916565,
    1.2887043952941895,
    1.7773315906524658,
    0.8515737652778625,
    1.0592708587646484,
    0.32992085814476013,
    2.273822784423828,
    1.1352797746658325,
    0.7010878324508667,
    1.5081779956817627,
    1.1147156953811646,
    1.7503496408462524,
    1.7019156217575073,
    1.727554440498352,
    1.447944164276123,
    1.1012390851974487,
    0.8639689683914185,
    1.2396148443222046,
    1.737754225730896,
    0.6490722298622131,
    1.3409498929977417,
    1.152895450592041,
    1.3537266254425049,
    1.134226679801941,
    2.008866786956787,
    1.0317580699920654,
    0.8461980819702148,
    1.7051035165786743,
    1.8518239259719849,
    1.4684598445892334,
    0.9807730913162231,
    0.9470910429954529,
    1.6444884538650513,
    1.5635955333709717,
    1.4201725721359253,
    0.8916996717453003,
    0.8360286355018616,
    1.0680269002914429,
    2.2948739528656006,
    1.6002599000930786,
    1.1524211168289185,
    1.4073632955551147,
    0.8779625296592712,
    1.7523503303527832,
    1.6000868082046509,
    1.193444013595581,
    1.286975383758545,
    1.1763370037078857,
    1.4925228357315063,
    2.205742359161377,
    1.3269957304000854,
    0.9026252031326294,
    1.0154829025268555,
    2.027803421020508,
    1.3312574625015259,
    1.2853970527648926,
    1.1917717456817627,
    1.4252837896347046,
    0.8444164991378784,
    1.5206583738327026,
    0.925225019454956,
    1.7605299949645996,
    0.8505167365074158,
    1.2796231508255005,
    1.204214096069336,
    1.9422481060028076,
    0.7340456247329712,
    1.1426512002944946,
    1.2572555541992188,
    0.5034616589546204,
    1.1784542798995972,
    2.9641048908233643,
    1.0891742706298828,
    1.012281894683838,
    1.1647846698760986,
    1.3551084995269775,
    0.9993213415145874,
    1.2474420070648193,
    1.0428193807601929,
    0.9955814480781555,
    1.141770839691162,
    1.120171308517456,
    1.4298702478408813,
    1.58230459690094,
    1.0399603843688965,
    1.3024042844772339,
    1.2767761945724487,
    1.4316847324371338,
    1.667927622795105,
    1.7372221946716309,
    1.4397666454315186,
    1.2630785703659058,
    1.6307315826416016,
    1.2012395858764648,
    1.0651559829711914,
    0.7204756736755371,
    0.8525407314300537,
    0.6630334854125977,
    0.7715806365013123,
    1.3813505172729492,
    1.8014111518859863,
    1.3172574043273926,
    1.2436730861663818,
    0.7795770764350891,
    2.2152233123779297,
    0.9349690675735474,
    1.6864075660705566,
    0.9456789493560791,
    1.2423079013824463,
    1.7180275917053223,
    1.0803498029708862,
    1.8216904401779175,
    1.3984724283218384,
    0.9805704951286316,
    1.5580183267593384,
    1.6644070148468018,
    0.9241178631782532,
    0.606783390045166,
    1.4109697341918945,
    0.9048826098442078,
    1.516969919204712,
    0.8528262972831726,
    0.5206042528152466,
    1.1331382989883423,
    0.6502829194068909,
    1.5734138488769531,
    1.0357983112335205,
    0.8387839198112488,
    0.8668800592422485,
    0.7612025737762451,
    0.9796631336212158,
    1.497556447982788,
    1.0369904041290283,
    1.1175838708877563,
    1.2177015542984009,
    0.5628108382225037,
    1.3347110748291016,
    1.020566701889038,
    1.2269206047058105,
    1.2709300518035889,
    0.9291767477989197,
    1.7707327604293823,
    1.4680728912353516,
    0.7177545428276062,
    1.684717059135437,
    1.7372606992721558,
    1.0546642541885376,
    1.184866189956665,
    1.1022318601608276,
    1.0223826169967651,
    1.3032305240631104,
    1.9053300619125366,
    1.0975884199142456,
    1.3136012554168701,
    1.1344841718673706,
    0.8247897624969482,
    0.7328090071678162,
    1.329705834388733,
    1.1983379125595093,
    0.9059547781944275,
    1.077311396598816,
    1.311589241027832,
    1.4225882291793823,
    1.5866694450378418,
    1.2382384538650513
  ],
  "eval_loss": 1.3430362939834595,
  "perplexity": 3.830656866050795,
  "wall_time_s": 48.85159659385681,
  "tokens_per_second": 2120.319646073257,
  "avg_optimizer_step_latency_s": 0.39692091140622665,
  "avg_generation_latency_s": 2.7848118730001565,
  "avg_generation_tokens_per_second": 21.521599146541195,
  "peak_vram_mb": 3737.90087890625,
  "peak_reserved_vram_mb": 3984.0,
  "pre_samples": [
    {
      "prompt": "### Instruction:\nSummarize QLoRA in plain language for a student.\n\n### Response:\n",