{
  "config": {
    "method": "qlora",
    "model_name": "TinyLlama/TinyLlama-1.1B-Chat-v1.0",
    "max_seq_length": 256,
    "train_batch_size": 2,
    "eval_batch_size": 2,
    "gradient_accumulation_steps": 8,
    "learning_rate": 0.0002,
    "weight_decay": 0.01,
    "epochs": 1,
    "max_train_samples": 512,
    "max_eval_samples": 128,
    "lora_rank": 16,
    "lora_alpha": 32,
    "lora_dropout": 0.05,
    "quant_block_size": 64,
    "optimizer_page_size": 262144,
    "seed": 42,
    "device": "cuda",
    "output_dir": "/content/Quantized-LoRA/results/scratch_qlora_r16"
  },
  "method": "qlora",
  "system": {
    "device": "cuda",
    "cuda_available": true,
    "gpu_name": "NVIDIA A100-SXM4-40GB",
    "gpu_total_memory_gb": 42.405855232
  },
  "trainable_params": 12615680,
  "total_params": 143779840,
  "trainable_percent": 8.774303824513924,
  "num_training_steps": 32,
  "completed_optimizer_steps": 32,
  "train_loss_last": 1.1190903186798096,
  "train_loss_curve": [
    1.6818885803222656,
    1.4832130670547485,
    8.988208770751953,
    8.35726261138916,
    6.387856483459473,
    3.9647624492645264,
    1.5337270498275757,
    4.906027793884277,
    5.12340784072876,
    5.533881187438965,
    1.6564083099365234,
    5.2407917976379395,
    4.816474437713623,
    1.475860595703125,
    5.052361011505127,
    1.5783666372299194,
    1.321246862411499,
    3.448868751525879,
    3.457611560821533,
    2.5097413063049316,
    4.115474224090576,
    3.6788597106933594,
    2.9821174144744873,
    3.0864851474761963,
    2.1714279651641846,
    2.211906909942627,
    2.140982151031494,
    1.4218542575836182,
    1.6333879232406616,
    1.9667959213256836,
    1.9659528732299805,
    2.2696189880371094,
    1.6766525506973267,
    1.3104039430618286,
    1.621195673942566,
    2.0301427841186523,
    1.837282419204712,
    1.5527769327163696,
    1.3780063390731812,
    1.5277384519577026,
    1.101089596748352,
    1.4215048551559448,
    1.0273807048797607,
    1.591040015220642,
    1.2976553440093994,
    1.113094687461853,
    0.9519964456558228,
    2.9783682823181152,
    0.9639380574226379,
    1.8726527690887451,
    1.069465160369873,
    1.0752480030059814,
    2.004331588745117,
    1.1441463232040405,
    1.8118257522583008,
    1.2739629745483398,
    1.5758602619171143,
    2.0833513736724854,
    1.9779282808303833,
    1.6317288875579834,
    1.2495113611221313,
    1.7704917192459106,
    1.3611077070236206,
    1.7986516952514648,
    1.3746922016143799,
    1.5261201858520508,
    1.8257980346679688,
    1.3194984197616577,
    1.5637413263320923,
    1.5249425172805786,
    1.5508966445922852,
    1.394974708557129,
    1.2168538570404053,
    1.7676172256469727,
    1.6684699058532715,
    1.6221282482147217,
    1.4409669637680054,
    1.1520048379898071,
    1.5489267110824585,
    0.6817547678947449,
    1.6194500923156738,
    1.0236668586730957,
    1.3307726383209229,
    1.4242463111877441,
    0.6418130397796631,
    0.9818735122680664,
    1.4249635934829712,
    0.9947695732116699,
    1.3117825984954834,
    1.205509901046753,
    1.3553560972213745,
    1.943173885345459,
    1.609331727027893,
    0.8144558668136597,
    1.7312484979629517,
    1.5602531433105469,
    1.4632309675216675,
    1.3304507732391357,
    1.7524447441101074,
    1.2422560453414917,
    1.4993730783462524,
    1.8897454738616943,
    1.394248127937317,
    1.4579302072525024,
    1.6107438802719116,
    1.328242301940918,
    1.133823037147522,
    1.7302453517913818,
    0.9588005542755127,
    0.7818876504898071,
    1.6696646213531494,
    1.0252583026885986,
    1.90316641330719,
    1.3967821598052979,
    1.573506474494934,
    1.1723653078079224,
    1.8814202547073364,
    1.4069465398788452,
    1.0168118476867676,
    1.6318546533584595,
    1.5079858303070068,
    0.9559077620506287,
    1.661739706993103,
    2.162693977355957,
    0.3367438316345215,
    0.9061515927314758,
    1.293176531791687,
    1.5454487800598145,
    0.7391034364700317,
    0.9970273971557617,
    1.296118140220642,
    1.4826111793518066,
    2.3490664958953857,
    0.9574586749076843,
    1.3783646821975708,
    0.8870229125022888,
    1.3049904108047485,
    1.7105135917663574,
    1.2713510990142822,
    1.2860394716262817,
    2.3829829692840576,
    1.3511713743209839,
    0.5029774308204651,
    0.7054173946380615,
    1.058219075202942,
    0.503145694732666,
    1.6802921295166016,
    1.2465437650680542,
    1.5792114734649658,
    1.7637273073196411,
    1.1406606435775757,
    1.4158294200897217,
    0.8802565336227417,
    1.860926628112793,
    1.7077019214630127,
    1.0905053615570068,
    1.1657755374908447,
    0.7627205848693848,
    0.9316909909248352,
    1.3552089929580688,
    1.3474971055984497,
    0.7197347283363342,
    1.4513744115829468,
    1.3253229856491089,
    1.9969900846481323,
    1.2498805522918701,
    1.5685489177703857,
    0.5640944838523865,
    0.6856129169464111,
    1.2948780059814453,
    1.598724365234375,
    1.7034015655517578,
    1.6217705011367798,
    1.5069159269332886,
    1.4649428129196167,
    1.2212029695510864,
    2.4878244400024414,
    1.2221959829330444,
    1.8800392150878906,
    1.3735501766204834,
    0.8183226585388184,
    1.2203091382980347,
    1.645142674446106,
    1.4443663358688354,
    1.225287914276123,
    1.2023277282714844,
    1.0428447723388672,
    1.633696436882019,
    0.9877028465270996,
    1.2232215404510498,
    0.9900544881820679,
    1.1837031841278076,
    1.2071856260299683,
    1.2576631307601929,
    1.3548011779785156,
    1.3675386905670166,
    1.867898941040039,
    1.0920765399932861,
    0.7869449257850647,
    1.3321231603622437,
    1.442714810371399,
    0.8873209357261658,
    1.2108625173568726,
    1.469881534576416,
    1.7304551601409912,
    1.3681424856185913,
    0.9218528866767883,
    0.9488707184791565,
    1.0520572662353516,
    1.1334623098373413,
    1.538085699081421,
    1.592840313911438,
    1.2101832628250122,
    1.4519126415252686,
    1.607384204864502,
    1.015700101852417,
    1.282478928565979,
    0.8465924263000488,
    1.7916200160980225,
    1.2493810653686523,
    1.2173763513565063,
    1.5564708709716797,
    0.9247126579284668,
    1.737493872642517,
    1.4857674837112427,
    2.4039669036865234,
    1.4488425254821777,
    0.6683825850486755,
    1.275478720664978,
    1.1713173389434814,
    1.4542664289474487,
    1.660727858543396,
    1.4097363948822021,
    0.7302283048629761,
    1.4277621507644653,
    0.8669308423995972,
    1.4220384359359741,
    1.3328118324279785,
    0.8183865547180176,
    0.7303690910339355,
    1.5927067995071411,
    1.1356680393218994,
    1.3629361391067505,
    0.9877901077270508,
    1.0542265176773071,
    0.8745210766792297,
    1.3518697023391724,
    1.5612225532531738,
    1.8430588245391846,
    1.2259068489074707,
    1.1858149766921997,
    0.9549471735954285,
    0.6872768998146057,
    1.188098430633545,
    1.5635015964508057,
    1.1190903186798096
  ],
  "eval_loss": 1.3837698698043823,
  "perplexity": 3.98991477013172,
  "wall_time_s": 56.91523241996765,
  "tokens_per_second": 1819.917016866306,
  "avg_optimizer_step_latency_s": 0.38734231400002983,
  "avg_generation_latency_s": 6.28603425266662,
  "avg_generation_tokens_per_second": 12.727141549891046,
  "peak_vram_mb": 4740.74462890625,
  "peak_reserved_vram_mb": 5004.0,
  "pre_samples": [
    {
      "prompt": "### Instruction:\nSummarize QLoRA in plain language for a student.\n\n### Response:\n",
      "response": "### Instruction:\nSummarize QLoRA in plain language for a student.\n\n### Response:\nQLoRA is a program that helps students learn and practice math concepts through interactive games and activities. It provides a fun and engaging way for students to learn math concepts, and it can help improve their math skills.",
      "latency_s": 3.573496867000131,
      "generated_tokens": 45,