{
  "config": {
    "method": "lora",
    "model_name": "TinyLlama/TinyLlama-1.1B-Chat-v1.0",
    "max_seq_length": 256,
    "train_batch_size": 2,
    "eval_batch_size": 2,
    "gradient_accumulation_steps": 8,
    "learning_rate": 0.0002,
    "weight_decay": 0.01,
    "epochs": 1,
    "max_train_samples": 512,
    "max_eval_samples": 128,
    "lora_rank": 16,
    "lora_alpha": 32,
    "lora_dropout": 0.05,
    "quant_block_size": 64,
    "optimizer_page_size": 262144,
    "seed": 42,
    "device": "cuda",
    "output_dir": "/content/Quantized-LoRA/results/scratch_lora_r16"
  },
  "method": "lora",
  "system": {
    "device": "cuda",
    "cuda_available": true,
    "gpu_name": "NVIDIA A100-SXM4-40GB",
    "gpu_total_memory_gb": 42.405855232
  },
  "trainable_params": 12615680,
  "total_params": 143779840,
  "trainable_percent": 8.774303824513924,
  "num_training_steps": 32,
  "completed_optimizer_steps": 32,
  "train_loss_last": 1.083333969116211,
  "train_loss_curve": [
    1.624819040298462,
    1.4708144664764404,
    9.156105041503906,
    8.365181922912598,
    6.276583671569824,
    3.9728076457977295,
    1.519568681716919,
    5.020215034484863,
    5.162823677062988,
    5.647843360900879,
    1.6124365329742432,
    5.38125467300415,
    5.2730207443237305,
    1.4267971515655518,
    5.0499138832092285,
    1.5467922687530518,
    1.2709656953811646,
    3.3438560962677,
    3.602470636367798,
    2.6590394973754883,
    4.081639766693115,
    3.729116916656494,
    3.1448850631713867,
    3.1209683418273926,
    2.146043539047241,
    2.1020634174346924,
    2.2429869174957275,
    1.3924719095230103,
    1.6343532800674438,
    1.9741640090942383,
    1.887573003768921,
    2.4393041133880615,
    1.749946117401123,
    1.391428828239441,
    1.5806604623794556,
    2.2007064819335938,
    1.7794220447540283,
    1.6427357196807861,
    1.5957945585250854,
    1.632859706878662,
    1.1723923683166504,
    1.4181686639785767,
    1.5062217712402344,
    1.524855613708496,
    1.329606533050537,
    1.2642786502838135,
    0.9893607497215271,
    2.882174015045166,
    0.9517638087272644,
    1.8154348134994507,
    1.1397016048431396,
    1.0906718969345093,
    1.9619449377059937,
    1.1336512565612793,
    1.7565488815307617,
    1.266687273979187,
    1.511051893234253,
    2.0141074657440186,
    1.9089754819869995,
    1.556889295578003,
    1.2261110544204712,
    1.7204164266586304,
    1.3149460554122925,
    1.7488682270050049,
    1.2974299192428589,
    1.4429517984390259,
    1.7652487754821777,
    1.2743111848831177,
    1.4911627769470215,
    1.4708895683288574,
    1.5399595499038696,
    1.3647960424423218,
    1.1410456895828247,
    1.6880806684494019,
    1.601583480834961,
    1.5249344110488892,
    1.3821172714233398,
    1.1006718873977661,
    1.5115338563919067,
    0.645034670829773,
    1.5645548105239868,
    0.9785414934158325,
    1.2800856828689575,
    1.3874034881591797,
    0.6090950965881348,
    0.9433623552322388,
    1.3760169744491577,
    0.9350679516792297,
    1.2400952577590942,
    1.1668546199798584,
    1.3235470056533813,
    1.8966928720474243,
    1.5548423528671265,
    0.7788863778114319,
    1.6643990278244019,
    1.4686253070831299,
    1.410154938697815,
    1.2919909954071045,
    1.71786367893219,
    1.1759923696517944,
    1.451990008354187,
    1.8319607973098755,
    1.3180128335952759,
    1.4040275812149048,
    1.549847960472107,
    1.2702686786651611,
    1.0860844850540161,
    1.6834930181503296,
    0.9320827126502991,
    0.7487449049949646,
    1.5948644876480103,
    0.9924790859222412,
    1.8696303367614746,
    1.3391121625900269,
    1.545408010482788,
    1.1304064989089966,
    1.8298237323760986,
    1.3854089975357056,
    0.9445610642433167,
    1.5593324899673462,
    1.4688241481781006,
    0.9178711175918579,
    1.6366342306137085,
    2.1443707942962646,
    0.3133189380168915,
    0.8558695316314697,
    1.2639704942703247,
    1.496177315711975,
    0.7058544158935547,
    0.9558872580528259,
    1.238463282585144,
    1.4581751823425293,
    2.3197762966156006,
    0.920954704284668,
    1.3327016830444336,
    0.8754217028617859,
    1.2711660861968994,
    1.643259048461914,
    1.2597931623458862,
    1.252895712852478,
    2.344557523727417,
    1.3372857570648193,
    0.4721263349056244,
    0.6796466708183289,
    1.0632344484329224,
    0.49582338333129883,
    1.6267657279968262,
    1.2283263206481934,
    1.5649687051773071,
    1.7502431869506836,
    1.1233187913894653,
    1.3832648992538452,
    0.8728647232055664,
    1.8473697900772095,
    1.6555877923965454,
    1.0835702419281006,
    1.1212750673294067,
    0.7331587076187134,
    0.905803382396698,
    1.3407779932022095,
    1.3022453784942627,
    0.6901988387107849,
    1.3925327062606812,
    1.2836500406265259,
    1.9881430864334106,
    1.1773006916046143,
    1.5545767545700073,
    0.5526406764984131,
    0.6599470376968384,
    1.2661091089248657,
    1.5703452825546265,
    1.6804280281066895,
    1.6133298873901367,
    1.4708963632583618,
    1.425096035003662,
    1.1892544031143188,
    2.3999550342559814,
    1.1920322179794312,
    1.821826457977295,
    1.3136959075927734,
    0.8007395267486572,
    1.173485517501831,
    1.6137505769729614,
    1.415029525756836,
    1.18927800655365,
    1.1953866481781006,
    1.0343048572540283,
    1.6175504922866821,
    0.9684410095214844,
    1.2137175798416138,
    0.975484311580658,
    1.158178448677063,
    1.175795078277588,
    1.2123137712478638,
    1.3332582712173462,
    1.3168293237686157,
    1.8752139806747437,
    1.073467493057251,
    0.7750762701034546,
    1.3326443433761597,
    1.4223915338516235,
    0.8896045088768005,
    1.1997426748275757,
    1.4012783765792847,
    1.7012856006622314,
    1.3508360385894775,
    0.8872319459915161,
    0.9235400557518005,
    1.01105535030365,
    1.1107568740844727,
    1.5245054960250854,
    1.5519939661026,
    1.1914244890213013,
    1.4066288471221924,
    1.5712860822677612,
    1.0012996196746826,
    1.265039324760437,
    0.8256901502609253,
    1.7473841905593872,
    1.2289280891418457,
    1.197005033493042,
    1.5169626474380493,
    0.9233124852180481,
    1.715602159500122,
    1.4626919031143188,
    2.404667377471924,
    1.4271665811538696,
    0.663317859172821,
    1.250160574913025,
    1.1217707395553589,
    1.4225337505340576,
    1.6072081327438354,
    1.4001880884170532,
    0.7201759219169617,
    1.4040601253509521,
    0.8388047218322754,
    1.3917710781097412,
    1.3078771829605103,
    0.7943561673164368,
    0.7210730910301208,
    1.571858286857605,
    1.1021664142608643,
    1.3389239311218262,
    0.972724199295044,
    1.031644582748413,
    0.8371726870536804,
    1.309633731842041,
    1.561249017715454,
    1.8202584981918335,
    1.1985141038894653,
    1.1707127094268799,
    0.9439961910247803,
    0.6598165035247803,
    1.1688615083694458,
    1.5090489387512207,
    1.083333969116211
  ],
  "eval_loss": 1.3523699045181274,
  "perplexity": 3.8665781019667715,
  "wall_time_s": 48.27516460418701,
  "tokens_per_second": 2145.637427635331,
  "avg_optimizer_step_latency_s": 0.35009734937499104,
  "avg_generation_latency_s": 3.272809470000084,
  "avg_generation_tokens_per_second": 21.56882645740728,
  "peak_vram_mb": 3704.61962890625,
  "peak_reserved_vram_mb": 3896.0,
  "pre_samples": [
    {
      "prompt": "### Instruction:\nSummarize QLoRA in plain language for a student.\n\n### Response:\n",