{
  "config": {
    "method": "qlora",
    "model_name": "TinyLlama/TinyLlama-1.1B-Chat-v1.0",
    "max_seq_length": 256,
    "train_batch_size": 2,
    "eval_batch_size": 2,
    "gradient_accumulation_steps": 8,
    "learning_rate": 0.0002,
    "weight_decay": 0.01,
    "epochs": 1,
    "max_train_samples": 512,
    "max_eval_samples": 128,
    "lora_rank": 8,
    "lora_alpha": 16,
    "lora_dropout": 0.05,
    "quant_block_size": 64,
    "optimizer_page_size": 262144,
    "seed": 42,
    "device": "cuda",
    "output_dir": "/content/Quantized-LoRA/results/scratch_qlora_r8"
  },
  "method": "qlora",
  "system": {
    "device": "cuda",
    "cuda_available": true,
    "gpu_name": "NVIDIA A100-SXM4-40GB",
    "gpu_total_memory_gb": 42.405855232
  },
  "trainable_params": 6307840,
  "total_params": 137472000,
  "trainable_percent": 4.588454376163873,
  "num_training_steps": 32,
  "completed_optimizer_steps": 32,
  "train_loss_last": 1.1741657257080078,
  "train_loss_curve": [
    1.6985186338424683,
    5.547379970550537,
    4.659506320953369,
    8.334614753723145,
    13.039939880371094,
    8.289470672607422,
    4.338568687438965,
    7.873981475830078,
    1.490421175956726,
    1.9443144798278809,
    3.5245912075042725,
    1.6313941478729248,
    4.012350082397461,
    7.31059455871582,
    1.1904516220092773,
    1.7039809226989746,
    4.396944999694824,
    4.9969096183776855,
    2.1022682189941406,
    2.1566972732543945,
    1.5916674137115479,
    1.6266847848892212,
    3.1418352127075195,
    3.725761651992798,
    2.7571399211883545,
    3.1313047409057617,
    2.7498862743377686,
    2.991182327270508,
    2.7332582473754883,
    2.646930694580078,
    2.7516074180603027,
    4.210370063781738,
    1.800866723060608,
    2.3134889602661133,
    1.7756577730178833,
    1.3993386030197144,
    1.469740390777588,
    1.8214391469955444,
    2.0687577724456787,
    1.787050485610962,
    1.3964529037475586,
    1.5207037925720215,
    2.1172971725463867,
    1.7489970922470093,
    1.0016850233078003,
    1.636582374572754,
    2.1711416244506836,
    1.8181626796722412,
    1.9284334182739258,
    1.7150418758392334,
    1.661022424697876,
    1.3160508871078491,
    2.2993600368499756,
    2.3140547275543213,
    1.2138817310333252,
    1.012768268585205,
    1.815876841545105,
    1.7430992126464844,
    1.196677327156067,
    1.4925379753112793,
    1.3498473167419434,
    1.1300309896469116,
    1.7030878067016602,
    1.8307446241378784,
    1.1159354448318481,
    0.8893887400627136,
    1.296213984489441,
    2.060401439666748,
    0.9803370237350464,
    1.171438217163086,
    0.9300909042358398,
    1.4937328100204468,
    1.8087865114212036,
    1.2356926202774048,
    1.562330961227417,
    1.048453688621521,
    2.0202603340148926,
    1.282274603843689,
    1.3188543319702148,
    1.6606525182724,
    1.128061056137085,
    1.2209850549697876,
    1.198745846748352,
    2.049020767211914,
    1.133680820465088,
    1.3273932933807373,
    1.753596544265747,
    1.1884472370147705,
    1.9194413423538208,
    1.576918125152588,
    1.7468206882476807,
    1.7774115800857544,
    1.901659607887268,
    1.228928804397583,
    1.7821881771087646,
    0.8957945704460144,
    1.5489825010299683,
    0.8171847462654114,
    1.1993964910507202,
    1.2148429155349731,
    1.7054228782653809,
    1.5785118341445923,
    1.1602109670639038,
    1.720608115196228,
    1.1404447555541992,
    0.7058276534080505,
    1.6997663974761963,
    1.4243619441986084,
    1.5013947486877441,
    1.8111976385116577,
    0.9761680960655212,
    1.050188660621643,
    0.7227339148521423,
    1.7972297668457031,
    1.4102246761322021,
    1.0670620203018188,
    1.3153917789459229,
    0.742460310459137,
    1.5922211408615112,
    1.659508228302002,
    1.2966612577438354,
    1.3335946798324585,
    1.3987386226654053,
    0.8484426140785217,
    1.4878196716308594,
    1.7054482698440552,
    1.2524800300598145,
    1.3802168369293213,
    1.34677255153656,
    1.1541413068771362,
    0.9361326098442078,
    2.0172579288482666,
    1.656482458114624,
    2.12930965423584,
    1.469652533531189,
    1.3990497589111328,
    1.045295238494873,
    1.9871541261672974,
    1.25723135471344,
    1.3443394899368286,
    1.8908880949020386,
    1.2169055938720703,
    1.6733288764953613,
    0.9464800953865051,
    1.249608039855957,
    0.9581303596496582,
    1.6083141565322876,
    1.9204180240631104,
    1.5710828304290771,
    0.9054437279701233,
    1.5277011394500732,
    1.660860300064087,
    1.162294864654541,
    1.5118696689605713,
    1.3942461013793945,
    0.9918558597564697,
    1.4033044576644897,
    0.6561176180839539,
    1.601529598236084,
    2.2128915786743164,
    0.8901749849319458,
    1.6719073057174683,
    1.278103232383728,
    0.8436312675476074,
    1.680576205253601,
    1.6111139059066772,
    1.550068974494934,
    0.7364625930786133,
    0.9467804431915283,
    1.430532693862915,
    1.11160147190094,
    0.9797025918960571,
    1.6990662813186646,
    1.416160225868225,
    1.10226571559906,
    1.1763094663619995,
    1.665284276008606,
    1.041800856590271,
    0.6976689100265503,
    0.8492752313613892,
    1.3882299661636353,
    1.1136006116867065,
    1.3187416791915894,
    1.1302725076675415,
    1.5614324808120728,
    3.2601850032806396,
    2.1059067249298096,
    1.4399089813232422,
    1.804808497428894,
    1.1400477886199951,
    1.3826360702514648,
    1.5350990295410156,
    1.0801408290863037,
    1.7125959396362305,
    1.8675100803375244,
    1.2018812894821167,
    1.0662953853607178,
    1.0965265035629272,
    0.7734754681587219,
    1.7373528480529785,
    1.4927563667297363,
    1.7467485666275024,
    1.541147232055664,
    1.207101821899414,
    1.319936990737915,
    1.319902777671814,
    1.4434912204742432,
    1.3199130296707153,
    1.337648868560791,
    1.5139434337615967,
    1.8020298480987549,
    0.5619913339614868,
    1.6071772575378418,
    1.8126959800720215,
    1.559858798980713,
    1.2121546268463135,
    1.1179332733154297,
    1.519423246383667,
    0.887591540813446,
    1.7485268115997314,
    1.3816471099853516,
    0.9547146558761597,
    0.7891919016838074,
    1.6565167903900146,
    0.849197268486023,
    0.8288301229476929,
    1.2623170614242554,
    1.0135934352874756,
    0.8561518788337708,
    2.0798048973083496,
    1.627026915550232,
    1.7312734127044678,
    1.8675923347473145,
    1.8629482984542847,
    1.6351299285888672,
    1.8412102460861206,
    0.6689342260360718,
    1.5802184343338013,
    0.7069916129112244,
    1.1304466724395752,
    1.5163735151290894,
    1.4518425464630127,
    0.7603020071983337,
    0.9492334127426147,
    1.4966394901275635,
    1.3997292518615723,
    1.1611077785491943,
    1.7049427032470703,
    1.3761438131332397,
    1.7969286441802979,
    1.1248195171356201,
    1.1412475109100342,
    1.0221021175384521,
    1.891670823097229,
    2.0596985816955566,
    1.1741657257080078
  ],
  "eval_loss": 1.4039082527160645,
  "perplexity": 4.071079723968374,
  "wall_time_s": 55.008193016052246,
  "tokens_per_second": 1883.0104084635802,
  "avg_optimizer_step_latency_s": 0.3443800738124878,
  "avg_generation_latency_s": 6.2513806500000255,
  "avg_generation_tokens_per_second": 12.79760396666059,
  "peak_vram_mb": 4714.22900390625,
  "peak_reserved_vram_mb": 4978.0,
  "pre_samples": [
    {
      "prompt": "### Instruction:\nSummarize QLoRA in plain language for a student.\n\n### Response:\n",
      "response": "### Instruction:\nSummarize QLoRA in plain language for a student.\n\n### Response:\nQLoRA is a program that helps students learn and practice math concepts through interactive games and activities. It provides a fun and engaging way for students to learn math concepts, and it can help improve their math skills.",
      "latency_s": 3.5717998039999657,
      "generated_tokens": 45,