{
  "config": {
    "method": "qlora",
    "model_name": "TinyLlama/TinyLlama-1.1B-Chat-v1.0",
    "max_seq_length": 256,
    "train_batch_size": 2,
    "eval_batch_size": 2,
    "gradient_accumulation_steps": 8,
    "learning_rate": 0.0002,
    "weight_decay": 0.01,
    "epochs": 1,
    "max_train_samples": 512,
    "max_eval_samples": 128,
    "lora_rank": 32,
    "lora_alpha": 64,
    "lora_dropout": 0.05,
    "quant_block_size": 64,
    "optimizer_page_size": 262144,
    "seed": 42,
    "device": "cuda",
    "output_dir": "/content/Quantized-LoRA/results/scratch_qlora_r32"
  },
  "method": "qlora",
  "system": {
    "device": "cuda",
    "cuda_available": true,
    "gpu_name": "NVIDIA A100-SXM4-40GB",
    "gpu_total_memory_gb": 42.405855232
  },
  "trainable_params": 25231360,
  "total_params": 156395520,
  "trainable_percent": 16.133045243239703,
  "num_training_steps": 32,
  "completed_optimizer_steps": 32,
  "train_loss_last": 1.2400457859039307,
  "train_loss_curve": [
    3.308504581451416,
    8.902125358581543,
    4.444714069366455,
    9.049901008605957,
    2.0093929767608643,
    5.950106143951416,
    7.343050003051758,
    1.7535146474838257,
    3.668642997741699,
    3.2458138465881348,
    3.746061086654663,
    4.03101110458374,
    3.743272542953491,
    2.630182981491089,
    2.655571699142456,
    3.3300695419311523,
    1.6277912855148315,
    2.1145453453063965,
    1.8568438291549683,
    2.2709574699401855,
    1.6863104104995728,
    1.8388758897781372,
    2.1189959049224854,
    1.2865155935287476,
    1.5709630250930786,
    1.5878669023513794,
    1.2578710317611694,
    1.5793075561523438,
    1.1772664785385132,
    1.5818723440170288,
    1.683801293373108,
    1.9408413171768188,
    1.792729377746582,
    1.5580320358276367,
    1.9227845668792725,
    1.792227864265442,
    1.09250009059906,
    1.3889784812927246,
    2.123460531234741,
    1.5125775337219238,
    1.321153163909912,
    0.5595332980155945,
    1.032771110534668,
    0.925627589225769,
    1.477943778038025,
    1.3404253721237183,
    1.6424092054367065,
    1.6985421180725098,
    1.2657949924468994,
    1.4489892721176147,
    1.0789909362792969,
    1.8123363256454468,
    1.4705240726470947,
    1.0936640501022339,
    1.2604129314422607,
    1.4715017080307007,
    1.7947280406951904,
    1.2580375671386719,
    1.5299676656723022,
    1.6849005222320557,
    1.0523722171783447,
    1.2950334548950195,
    1.5081253051757812,
    0.9411083459854126,
    1.4102424383163452,
    1.6557114124298096,
    1.3664804697036743,
    2.00878643989563,
    1.8287997245788574,
    1.2575218677520752,
    1.13308846950531,
    0.9169023633003235,
    1.8715684413909912,
    1.5416998863220215,
    0.7945970892906189,
    1.050704836845398,
    1.2329882383346558,
    2.272306442260742,
    1.2859463691711426,
    0.9099640846252441,
    0.9564483761787415,
    1.5400981903076172,
    1.7041395902633667,
    1.7675584554672241,
    1.3853942155838013,
    1.3747953176498413,
    1.2604501247406006,
    1.5409443378448486,
    1.7603154182434082,
    1.1010478734970093,
    0.7350247502326965,
    0.9374825358390808,
    1.3232924938201904,
    1.8228709697723389,
    0.8819156289100647,
    1.070441484451294,
    0.34592998027801514,
    2.2824673652648926,
    1.165814757347107,
    0.6867457032203674,
    1.5605456829071045,
    1.1223338842391968,
    1.7732013463974,
    1.7412906885147095,
    1.7297732830047607,
    1.4824740886688232,
    1.1017978191375732,
    0.8802238702774048,
    1.282835841178894,
    1.77388334274292,
    0.6660619378089905,
    1.3632508516311646,
    1.1710891723632812,
    1.4162315130233765,
    1.1513636112213135,
    2.0496528148651123,
    1.039008378982544,
    0.8504770398139954,
    1.7601453065872192,
    1.882093906402588,
    1.5055656433105469,
    1.0106881856918335,
    0.9646227359771729,
    1.6476002931594849,
    1.5598196983337402,
    1.4354687929153442,
    0.9063858389854431,
    0.864278256893158,
    1.0908114910125732,
    2.3070485591888428,
    1.6217625141143799,
    1.1902848482131958,
    1.4512996673583984,
    0.8971297144889832,
    1.7665519714355469,
    1.6305136680603027,
    1.2636536359786987,
    1.3037068843841553,
    1.203429937362671,
    1.5240825414657593,
    2.2280690670013428,
    1.3361247777938843,
    0.9084092378616333,
    1.0303316116333008,
    2.0570716857910156,
    1.3621861934661865,
    1.3047164678573608,
    1.2285041809082031,
    1.4621895551681519,
    0.8608657121658325,
    1.5351943969726562,
    0.95367431640625,
    1.8274048566818237,
    0.8530901670455933,
    1.2778584957122803,
    1.2005975246429443,
    2.011545419692993,
    0.7281693816184998,
    1.17965829372406,
    1.294956922531128,
    0.5208523273468018,
    1.2077436447143555,
    3.0233795642852783,
    1.1113197803497314,
    1.0268962383270264,
    1.1919418573379517,
    1.3794541358947754,
    1.0310819149017334,
    1.2788344621658325,
    1.069069743156433,
    1.0115039348602295,
    1.167911410331726,
    1.1404716968536377,
    1.4617489576339722,
    1.6228525638580322,
    1.099746584892273,
    1.3414709568023682,
    1.3153941631317139,
    1.4606225490570068,
    1.6949512958526611,
    1.7714587450027466,
    1.4673088788986206,
    1.296439528465271,
    1.6552032232284546,
    1.2110214233398438,
    1.080744981765747,
    0.731550395488739,
    0.866011917591095,
    0.6748605370521545,
    0.7872369289398193,
    1.4239294528961182,
    1.8311278820037842,
    1.3375179767608643,
    1.2640401124954224,
    0.7944497466087341,
    2.2593443393707275,
    0.9626233577728271,
    1.6842679977416992,
    0.9489197731018066,
    1.2627769708633423,
    1.760669469833374,
    1.0948331356048584,
    1.8545453548431396,
    1.44247305393219,
    1.002667784690857,
    1.5810048580169678,
    1.6811339855194092,
    0.9496577382087708,
    0.6402458548545837,
    1.4342390298843384,
    0.9186978340148926,
    1.5660970211029053,
    0.8625631928443909,
    0.524487316608429,
    1.1574324369430542,
    0.6731221079826355,
    1.6199250221252441,
    1.0437593460083008,
    0.8333554267883301,
    0.8837950229644775,
    0.7888171672821045,
    0.9779303669929504,
    1.5178719758987427,
    1.0728355646133423,
    1.1742857694625854,
    1.2390105724334717,
    0.5734401345252991,
    1.3666331768035889,
    1.0593761205673218,
    1.2535419464111328,
    1.2967545986175537,
    0.939028263092041,
    1.7966498136520386,
    1.5150065422058105,
    0.7305580973625183,
    1.716144323348999,
    1.802185297012329,
    1.0576094388961792,
    1.210439920425415,
    1.1076366901397705,
    1.0549437999725342,
    1.2995976209640503,
    1.9333912134170532,
    1.104987621307373,
    1.331208348274231,
    1.1736130714416504,
    0.8415133357048035,
    0.7440856695175171,
    1.333194613456726,
    1.218409538269043,
    0.9290971159934998,
    1.1174184083938599,
    1.3559547662734985,
    1.453732967376709,
    1.6118212938308716,
    1.2400457859039307
  ],
  "eval_loss": 1.3706496953964233,
  "perplexity": 3.9379083054443798,
  "wall_time_s": 57.879998207092285,
  "tokens_per_second": 1789.5819490075205,
  "avg_optimizer_step_latency_s": 0.43257154184372837,
  "avg_generation_latency_s": 6.053042942666707,
  "avg_generation_tokens_per_second": 12.505063353496764,
  "peak_vram_mb": 4791.02587890625,
  "peak_reserved_vram_mb": 5014.0,
  "pre_samples": [
    {
      "prompt": "### Instruction:\nSummarize QLoRA in plain language for a student.\n\n### Response:\n",
      "response": "### Instruction:\nSummarize QLoRA in plain language for a student.\n\n### Response:\nQLoRA is a program that helps students learn and practice math concepts through interactive games and activities. It provides a fun and engaging way for students to learn math concepts, and it can help improve their math skills.",
      "latency_s": 3.5402147780000632,
      "generated_tokens": 45,